id,y_true,y_pred,absolute_error
1669147178.035824,189.0,204.06083656673704,15.060836566737038
1669147179.42561,173.0,200.44085356158348,27.44085356158348